{
    "T_cam2gripper": [
        [
            0.9996376754148393,
            0.022626146186825957,
            -0.014579965704654044,
            -34.149941670972915
        ],
        [
            -0.023323896722129894,
            0.9984962516129708,
            -0.049610798789602,
            64.97918315100685
        ],
        [
            0.013435539918883986,
            0.049932885191818606,
            0.9986622017697019,
            -140.59674193852643
        ],
        [
            0.0,
            0.0,
            0.0,
            1.0
        ]
    ],
    "T_target2cam": [
        [
            -0.9999297595621307,
            0.005309406748463712,
            0.010596515559306434,
            99.05476428386449
        ],
        [
            -0.005317323392971781,
            -0.9999856044049783,
            -0.0007190651881145043,
            82.51833019991314
        ],
        [
            0.01059254520659744,
            -0.0007753597807283242,
            0.9999435968109683,
            467.62201716491245
        ],
        [
            0.0,
            0.0,
            0.0,
            1.0
        ]
    ],
    "T_gripper2base": [
        [
            0.9996382099698548,
            -0.009611162191991342,
            0.02512120079900714,
            41.055
        ],
        [
            -0.00828575964201702,
            -0.9985948409759816,
            -0.052342045845657596,
            -363.889
        ],
        [
            0.025588969409093498,
            0.05211496078357381,
            -0.9983131950981651,
            325.356
        ],
        [
            0.0,
            0.0,
            0.0,
            1.0
        ]
    ],
    "intrinsic_matrix": [
        [
            913.2605370104305,
            0.0,
            640.8950767511848
        ],
        [
            0.0,
            913.7220081011361,
            356.46582360661466
        ],
        [
            0.0,
            0.0,
            1.0
        ]
    ],
    "distortion_coefficients": [
        [
            0.11303078976792885,
            -0.2394974082812382,
            0.000842560694241706,
            0.00031192025882416954,
            0.012441265516298821
        ]
    ]
}