{
    "T_cam2gripper": [
        [
            0.9999482274892025,
            0.004463093424303621,
            -0.009144568786342382,
            -35.60023579208483
        ],
        [
            -0.004926831986203048,
            0.9986694178810432,
            -0.0513334210404679,
            65.32605406054537
        ],
        [
            0.008903295332736982,
            0.051375817134369395,
            0.9986397031692631,
            -139.72700181736573
        ],
        [
            0.0,
            0.0,
            0.0,
            1.0
        ]
    ],
    "T_target2cam": [
        [
            -0.9990970813345617,
            0.04114852184776559,
            0.01057455523908658,
            93.88906971787146
        ],
        [
            -0.04115608850606653,
            -0.9991526047242172,
            -0.0004988503717042896,
            84.89817614558478
        ],
        [
            0.010545067455514631,
            -0.0009336072817245536,
            0.9999439633948507,
            467.5853576605894
        ],
        [
            0.0,
            0.0,
            0.0,
            1.0
        ]
    ],
    "T_gripper2base": [
        [
            0.9992788239035268,
            0.027327295344043757,
            0.026363820420468673,
            41.114
        ],
        [
            0.028652463241865832,
            -0.9982737096284293,
            -0.05127023517467997,
            -363.998
        ],
        [
            0.02491723195214195,
            0.051988648702124086,
            -0.998336772816653,
            325.341
        ],
        [
            0.0,
            0.0,
            0.0,
            1.0
        ]
    ],
    "intrinsic_matrix": [
        [
            913.4292359995795,
            0.0,
            641.0868080335941
        ],
        [
            0.0,
            913.9339490474846,
            356.2944607335715
        ],
        [
            0.0,
            0.0,
            1.0
        ]
    ],
    "distortion_coefficients": [
        [
            0.11289400870604469,
            -0.23941467837262845,
            0.0007898776506757574,
            0.000384129703598404,
            0.012253320693992723
        ]
    ]
}