{
    "T_cam2gripper": [
        [
            -0.9997727599275339,
            -0.018652117130027283,
            -0.010321193412094656,
            -36.96355405748821
        ],
        [
            0.018804164490300243,
            -0.999713106749734,
            -0.014836023409837088,
            64.20934084108241
        ],
        [
            -0.010041509084985925,
            -0.015026733489459557,
            0.9998366693495158,
            -141.8444062519899
        ],
        [
            0.0,
            0.0,
            0.0,
            1.0
        ]
    ],
    "T_target2cam": [
        [
            -0.9999764123979947,
            -0.006666135354631544,
            -0.001654474862052379,
            99.98582190656089
        ],
        [
            0.006662421554684553,
            -0.9999752966248666,
            0.0022401515657135096,
            78.35207095345804
        ],
        [
            -0.0016693671444911492,
            0.002229075916927325,
            0.999996122209428,
            445.90518489638987
        ],
        [
            0.0,
            0.0,
            0.0,
            1.0
        ]
    ],
    "T_gripper2base": [
        [
            0.9996382099698548,
            -0.009611162191991342,
            0.02512120079900714,
            41.055
        ],
        [
            -0.00828575964201702,
            -0.9985948409759816,
            -0.052342045845657596,
            -363.889
        ],
        [
            0.025588969409093498,
            0.05211496078357381,
            -0.9983131950981651,
            325.356
        ],
        [
            0.0,
            0.0,
            0.0,
            1.0
        ]
    ],
    "intrinsic_matrix": [
        [
            911.9733514117119,
            0.0,
            640.3376427086341
        ],
        [
            0.0,
            911.8615167817233,
            361.63903711301134
        ],
        [
            0.0,
            0.0,
            1.0
        ]
    ],
    "distortion_coefficients": [
        [
            0.10642263981790999,
            -0.23031870287003053,
            -0.000977920805748673,
            0.0006642942717850959,
            0.008128108165021079
        ]
    ]
}